{"initial_reset_timestamp": 1508627911.0465734, "episode_types": ["t", "t", "t"], "timestamps": [1508627936.3185253, 1508627964.5453866, 1508627988.5129573], "episode_rewards": [200.0, 200.0, 200.0], "episode_lengths": [200, 200, 200]}