{"timestamps": [1508500002.91934, 1508500030.7667532, 1508500054.7396011, 1508500078.6325736, 1508500102.56971, 1508500126.2005103, 1508500149.723154, 1508500173.6467183], "initial_reset_timestamp": 1508499977.9828126, "episode_rewards": [200.0, 200.0, 200.0, 200.0, 200.0, 200.0, 200.0, 200.0], "episode_types": ["t", "t", "t", "t", "t", "t", "t", "t", "t"], "episode_lengths": [200, 200, 200, 200, 200, 200, 200, 200]}