{"initial_reset_timestamp": 1507421232.930036, "episode_lengths": [200, 200], "episode_rewards": [200.0, 200.0], "timestamps": [1507421258.6389985, 1507421285.076161], "episode_types": ["t", "t", "t"]}